"","p_change_t64","p_t128_increase_of_5%","p_t128_decrease_of_5%"
"2",0.05,31392.4613261924,3489.75004044111
"3",-0.05,-12139.171978245,-37841.1122073354
